ApproverID,ApproverName,Level,Department
01J9RGZ1E4NKHYYSMSJ02K8T8C,Milo Cozby,L3,Development
01J9RGZ1E5DB72BZG3VKDY76T1,Avrit Yard,L4,Marketing
01J9RGZ1E6VP2DG651KV6005YQ,Dimitry Cervantes,L4,Finance
01J9RGZ1E6G08P8A9J0CG031K0,Margeaux Alphonso,L3,Customer Support
01J9RGZ1E7FKP9V5RE6Z4YRMD1,Shaun Milsom,L1,Human Resources
01J9RGZ1E7NCNR7HQXV86AR07Y,Freddi Cobb,L1,Marketing
01J9RGZ1E8YGTSBFR25Z7MWTER,Masha McMurty,L6,Customer Support
01J9RGZ1E8KE3KTQG166CZ6ZKN,Lois Wandrach,L4,Operations
01J9RGZ1E87H6CZMY8B7Q2PSBD,Sosanna Boxen,L6,Human Resources
01J9RGZ1E95KTF3SX0R20FZW73,Roman Caulcutt,L4,Finance
01J9RGZ1E97Z4A8HMHFDH7GXV6,Rouvin Manifield,L4,Operations
01J9RGZ1EAHCA9VZW556X9PTE7,Petrina Dean,L4,Marketing
01J9RGZ1EAKWHVT52K02Y56Z53,Melisandra Juschke,L5,Finance
01J9RGZ1EB3KPJXPNZDKEDESNM,Vale Safell,L1,Marketing
01J9RGZ1EB0BFMX13XGZAQ2NGH,Claire Cankett,L1,Customer Support
01J9RGZ1EBQAD2ZKHJBF0KWGWY,Otho Harborow,L4,Human Resources
01J9RGZ1EC1QVZHXPJFSPZ288W,Hewie Joselin,L1,Development
01J9RGZ1ECSWJQ806E9W4PKV4Z,Barry Carey,L5,Operations
01J9RGZ1EDM82WDDP2QXMHWQ74,Lew O'Glessane,L6,Human Resources
01J9RGZ1EE855ZBKW24YP6ADEA,Neils Colbeck,L2,Marketing
01J9RGZ1EFDDHYNAJJ5X3PYRKW,Quinton Marchetti,L5,Human Resources
01J9RGZ1EF3JVB8NK7624511QY,Frazier Whiteoak,L5,Development
01J9RGZ1EF04NQP06Z9XEHEPM3,Dall Menault,L3,Marketing
01J9RGZ1EGZEG3CG573FB82SD5,Alysia Chable,L2,Operations
01J9RGZ1EGVRQQ8SMMVP7G0MXJ,Emalee Reaper,L4,Development
01J9RGZ1EHMDP30Y3ZVMEFRQSB,Emera Pentycross,L6,Marketing
01J9RGZ1EHAZ1V9TZB1SR5AT70,Lynn Oxford,L6,Operations
01J9RGZ1EHG8PXG62DXZ1AXJSA,Drugi Bartocci,L6,Human Resources
01J9RGZ1EJ4TBJ4XBTTA8J3W2T,Tadd Cardow,L4,Finance
01J9RGZ1EJQRRNYB0D3BKKXP55,Babs Akhurst,L4,Operations
01J9RGZ1EK720DBK0TDD8VWW3F,Geordie McGoogan,L3,Finance
01J9RGZ1EKK99WKSG9WXFHGNYZ,Kelvin Boughey,L1,Operations
01J9RGZ1EKKEZJXPDNWEZK0XXA,Garv Fitch,L3,Operations
01J9RGZ1EMDH8KSY455NFHDP0D,Nettie Rushbrook,L4,Development
01J9RGZ1EMC6VK1HFZC6EZTPBZ,Curran Derill,L5,Human Resources
01J9RGZ1EM5R2TJPPFMSBWSYGD,Leonore Guirau,L3,Human Resources
01J9RGZ1ENPBKD39X9N2CRBC0K,Ursula Fitter,L3,Marketing
01J9RGZ1EN4SERQ1J8E1EF37Y7,Haily Crose,L5,Marketing
01J9RGZ1EP29SZM8192M973ADA,Lurette Waite,L2,Finance
01J9RGZ1EPB9AS9V8PB1NRWCVG,Reeva Iacapucci,L4,Development
01J9RGZ1EPMTVT0H5ZCR5FCBMP,Shanan Honnan,L4,Marketing
01J9RGZ1EQJ7DGPSXXYDKACQ5N,Emalia Swainson,L2,Finance
01J9RGZ1EQE8RBVSJM78HH5N6T,Wilton Boyack,L4,Marketing
01J9RGZ1ER8ZTQ4N6X8NYPN830,Rozanna Lavigne,L5,Operations
01J9RGZ1ERASD508EVZTE3M8N0,Lynnell Gheraldi,L2,Operations
01J9RGZ1ER51JK2Q1PXV1PGCK8,Steffane Clowney,L1,Marketing
01J9RGZ1ESCGEXWKZ1XRNMTD4V,Tatiana Gaskal,L2,Marketing
01J9RGZ1ES7VWWSJFZ1HN5VEV3,Thomas Hightown,L3,Finance
01J9RGZ1ET4S7B0K9MH3HBC5K6,Ansell Blewis,L3,Marketing
01J9RGZ1ET3VFEDV5W6ZTN150P,Aland Sutliff,L6,Development
01J9RGZ1EVHN38RX6DPQW2ZY8Z,Stephine Rossin,L4,Finance
01J9RGZ1EV0R4H7922XA0T11KX,Sabrina Hackey,L3,Development
01J9RGZ1EW6K54XE6Y3ET0XDTZ,Nicolis Filtness,L2,Marketing
01J9RGZ1EWFR8KBNFRD2TXJ243,Sergent Mangam,L6,Marketing
01J9RGZ1EXXHKBEQ7MSPF02TEZ,Abelard McLellan,L3,Human Resources
01J9RGZ1EXE6Q175NGE9CQGVE9,Conrade Playle,L1,Human Resources
01J9RGZ1EXQGNKKB67QF2BYB1P,Audre Instrell,L4,Finance
01J9RGZ1EY0RY1SSZY9EJAXHYQ,Lyndy Pecey,L2,Finance
01J9RGZ1EYNJQQHNAQKC54MPW7,Carlyn Pellingar,L4,Finance
01J9RGZ1EZ6GJ09MA6QVB1D5SS,Gleda Belamy,L2,Human Resources
01J9RGZ1F08Q85KGWM4TKPSNZA,Madelle Sillick,L4,Human Resources
01J9RGZ1F0KGMZMVZ2M1JEAX6F,Hedvige Guttridge,L4,Operations
01J9RGZ1F08J4JJDXGRG2JE2GB,Pietro Fibbitts,L4,Marketing
01J9RGZ1F10Z9XF8QN45BKR3AZ,Dorelle Fibbens,L3,Operations
01J9RGZ1F1F32JXBVV0GPR137Z,Pyotr Bales,L4,Development
01J9RGZ1F29D050JPNNS04WPDG,Freda Mattheeuw,L3,Human Resources
01J9RGZ1F22M5YVGK9D4224HMB,Josias Hapke,L6,Development
01J9RGZ1F2CGR7T8GB5X8983SJ,Taffy Beddo,L3,Customer Support
01J9RGZ1F3XFKHC61GHHY25HW9,Kaitlynn Cazin,L3,Marketing
01J9RGZ1F30SR9CFTE2PG52JP0,Kipp Bucktrout,L4,Customer Support
01J9RGZ1F40QYMKAXKTHR193XW,Ramsey Junes,L6,Human Resources
01J9RGZ1F4PGB9FQZH04Z8J98Z,Rufus Konerding,L5,Finance
01J9RGZ1F4KJ42T17YQPKER29E,Virgilio McCumesky,L2,Human Resources
01J9RGZ1F533EMDG4C2ESTKX00,Ingaberg Agget,L4,Customer Support
01J9RGZ1F5H48ANNRMVC4R90F6,Verene Moultrie,L4,Human Resources
01J9RGZ1F57MMYMWHCESPE0TZA,Lanita Hedylstone,L2,Development
01J9RGZ1F669M589EZFJSY606F,Blondie Rozsa,L1,Customer Support
01J9RGZ1F6G9QNREZCNR5WCRNM,Cyrillus Vine,L1,Finance
01J9RGZ1F7TKW1Q2YT89XQ7VXZ,Kaye Heintsch,L4,Development
01J9RGZ1F7XT8MCN88YRP4JNND,Ritchie Liversage,L3,Marketing
01J9RGZ1F736KMBWSD583CCM30,Candra Laurenz,L5,Finance
01J9RGZ1F8MDW3RZ0T503HKE2Z,Corrina Mauchlen,L4,Human Resources
01J9RGZ1F84GWEV45BS4J5F36J,Keefe Ferroli,L6,Human Resources
01J9RGZ1F95146YV55X6F0A7D4,Bale Lintott,L1,Customer Support
01J9RGZ1F9NEK9WBWM6C5KXZWN,Phyllida Runcie,L5,Human Resources
01J9RGZ1F9DRTBMBVAW66WN0CW,Austen Ifill,L1,Finance
01J9RGZ1FA1AGTYW43GQP4YEYA,Tallulah Holbury,L6,Finance
01J9RGZ1FA178HJD1XF968Z1EH,Yardley Lumley,L3,Marketing
01J9RGZ1FBB4AW1N1V8AGCH4B0,Courtnay Seivwright,L6,Development
01J9RGZ1FBWKRT0NZGG2G5KSB8,Tamera Athow,L1,Finance
01J9RGZ1FBG78T1KGN27F3MPF4,Stevena Bindin,L6,Finance
01J9RGZ1FCDYMAHBN5D27VR1Q0,Keary Dungay,L5,Customer Support
01J9RGZ1FCK35A7MFVP1ZC5FDG,Codie Andreolli,L3,Operations
01J9RGZ1FD85AD2803TK4Q93HA,Christina Ruckledge,L4,Customer Support
01J9RGZ1FDC8PXQSWD1989ZYPM,Abigail Phillipson,L2,Human Resources
01J9RGZ1FDKBYYQX9X95ECYFY5,Shellysheldon Hatry,L6,Human Resources
01J9RGZ1FER4NHB4P36ZQ4V7QF,Van Riepel,L3,Operations
01J9RGZ1FEWRRPZR7HE2ZSWQGY,Rubetta Rankin,L5,Operations
01J9RGZ1FF0BMAH43BA3X4D4NZ,Peggy Varden,L6,Human Resources
01J9RGZ1FF9XKANZNF8C8X7PGM,Addi Unger,L6,Marketing
