ApproverID,ApproverName,Level,Department,Country
01J9RRASK0JTGH3Y8RNHX0JDVC,Petrina Farrance,L4,Research and Development,United Kingdom
01J9RRASK3EDDA6W7WF49554FS,Kylynn Le Cornu,L2,Sales,United States
01J9RRASK65P5RC4TQ806VZAPN,Bradley Callister,L3,Research and Development,India
01J9RRASK6T4TW5NPHGRPQEVYS,Starlene Lazenbury,L6,Sales,United Kingdom
01J9RRASK784VHBYMJQB006D0G,Ezekiel Malter,L5,Engineering,United Kingdom
01J9RRASK9B9KT49P39Y431K83,Filia Yelding,L3,Sales,India
01J9RRASK9SMBWZYWAV6KPGQCP,Amabel Luckett,L5,Business Development,India
01J9RRASKA8TGPK0KRG7WGFZYZ,Sonja Ghent,L3,Accounting,United Kingdom
01J9RRASKAM7JX53EMP11EQAH1,Jim Hallewell,L1,Marketing,India
01J9RRASKCHTXGTYJK3R1WPKHY,Gaye Glavias,L6,Human Resources,India
01J9RRASKCHJW5S4MKY3KHDT2J,Celle Colgan,L2,Human Resources,India
01J9RRASKDT4WWC21857GAGGEZ,Alano Benfield,L6,Marketing,United Kingdom
01J9RRASKEH5C19KDP2XXDT24B,Abby O'Tuohy,L4,Accounting,United Kingdom
01J9RRASKFJGGDH7FA0F88CNF9,Kissee Owttrim,L6,Marketing,United Kingdom
01J9RRASKGYYSSCQAW6TW6C493,Dorisa Bradnock,L6,Accounting,United Kingdom
01J9RRASKH5JY4V9X1FWF6N62J,Ricki Cadany,L2,Services,India
01J9RRASKJVVAW5PZXHET101C5,Wynne Stallybrass,L2,Legal,India
01J9RRASKK15EP9D2TEJERTKZD,Jacquette Tollerton,L1,Training,United Kingdom
01J9RRASKMQHZC72G9T61MQBH8,Gamaliel Orvis,L2,Legal,United Kingdom
01J9RRASKN27B3RWEP0SQJT94P,Faythe Ellesmere,L1,Research and Development,India
01J9RRASKPTV76226FHW3QV8P8,Rey Killshaw,L4,Business Development,United States
01J9RRASKRWCSTZAT1536KP89G,Chicky Hook,L3,Engineering,India
01J9RRASKSJE96K1R4DR4VPT74,Jory Antill,L3,Support,United States
01J9RRASKTK3X320W686EW4KQ2,Agnella Bohling,L5,Business Development,India
01J9RRASKV61BPW2M7Y4G5HHZR,Sumner Chase,L3,Engineering,United Kingdom
01J9RRASKXVTP2CF6G1BHQGD71,Faina Milbourne,L1,Business Development,United Kingdom
01J9RRASKY55PT4WEDP1SR9RTZ,Franky Adnett,L1,Training,United Kingdom
01J9RRASKYPE4KYXG248YX5NXH,Ave Darton,L6,Marketing,India
01J9RRASKZDRVJPSW0TA6TX8P2,Dido Frany,L6,Research and Development,India
01J9RRASM09YW9KHJP67B8TEC2,Evelyn Cole,L2,Services,United States
01J9RRASM0SQ5FEQ2KGGSPH4BX,Aurelia Crab,L3,Legal,India
01J9RRASM1NMAKVHMM43ETT871,Kerk D'Antonio,L4,Engineering,United Kingdom
01J9RRASM18MFY7AVHGTMX2B58,Tammy Tressler,L5,Business Development,United States
01J9RRASM3H7VVVKKTZX7SMPV7,Bethany Booy,L6,Product Management,United States
01J9RRASM4XBXSQG8N3X315HKH,Anestassia Elphey,L5,Legal,India
01J9RRASM4385HFVA29YHYPW4G,Kinnie Burnes,L6,Services,India
01J9RRASM53K6T9ECH5MNG512Z,Pieter Simeon,L2,Sales,United States
01J9RRASM6MZ3G8SZYJ5Z5JZSB,Ruthy Ecles,L5,Business Development,India
01J9RRASM7TK0FHZSQ9BMJCEEP,Christoffer Robjohns,L5,Legal,India
01J9RRASM73HY37N2XHQGQ26FX,Prent Killock,L2,Legal,India
01J9RRASM8E4Y58RJH4DXVD345,Syd Hebborne,L5,Marketing,United States
01J9RRASM96VACMEHC253WFZ9A,Amargo Dundredge,L5,Training,United Kingdom
01J9RRASMAK1PJE7J96TK1KENP,Hannis Faier,L5,Product Management,United States
01J9RRASMAMBSMRRE0V5SYXN9P,Marthena Oscroft,L6,Research and Development,United States
01J9RRASMAW6HTHM03HZFVCYZQ,Dwayne Quarrie,L3,Business Development,India
01J9RRASMBGJ7FC27CFQR26XH2,Sheffy O'Carroll,L3,Sales,India
01J9RRASMC0EQSMYFCBEGKF3RA,Elliot Matashkin,L5,Engineering,India
01J9RRASMC5BPTQZJ2K6Q2GNN2,Lindie Balsom,L6,Human Resources,United Kingdom
01J9RRASMD64H369RRT3DPZ8YN,Terrence Gatehouse,L3,Services,India
01J9RRASMED3GZXCCHFGDZRYRN,Aridatha Layland,L6,Marketing,United Kingdom
01J9RRASMF7V1YXS652A52YED0,Gayler Jansie,L5,Training,United States
01J9RRASMGDQJ822G3KJBGXQYY,Anthia Rylstone,L3,Legal,United Kingdom
01J9RRASMHJYD009VG924W9VRQ,Raoul Hulles,L2,Human Resources,India
01J9RRASMKCFG4M5C16Q2CPFZX,Alaric Swinney,L3,Human Resources,United States
01J9RRASMKYGP05JJ8C7FS6T1E,Cecilius Seawell,L3,Engineering,India
01J9RRASMMRRM65NVQNQM9SZF3,Gwenora MacCallam,L4,Human Resources,United Kingdom
01J9RRASMNZPFPWHX1SYVWBTJ8,Hilliary Gilks,L4,Marketing,United States
01J9RRASMPRGHQMK6FED5BHR2X,Irving Robertson,L4,Research and Development,United States
01J9RRASMQ04FVR16277JA1BSN,Julee Inkles,L1,Training,United States
01J9RRASMQX4QH4YG8JD2M45B8,Malorie Isgar,L4,Research and Development,United Kingdom
01J9RRASMREEG41B6WFPMAV24C,Emelina Tolputt,L4,Product Management,United Kingdom
01J9RRASMRWYMPTH8YC0T3AH7Z,Mufinella Shearsby,L5,Marketing,United Kingdom
01J9RRASMT9FXMEKRF9MGBYAVP,Katlin Chivrall,L5,Services,United Kingdom
01J9RRASMTX70BHYC0AHD52AV6,Lorita Cassely,L2,Accounting,United States
01J9RRASMV118CPECEV116670E,Moshe Jordeson,L3,Business Development,United States
01J9RRASMVFQNK7E7H8AV67FFR,Laraine Gibbs,L2,Sales,United States
01J9RRASMXH54KXE15D8W8EN0S,Ermanno Piercy,L6,Legal,United Kingdom
01J9RRASMXJJPZ5WWBRDEJVHVS,Serena Moreby,L2,Business Development,United States
01J9RRASMY4DFN1DGQV8JKF2MG,Say Huby,L1,Training,United Kingdom
01J9RRASMYEKBXC94C7KQ73KSF,Celka Jennins,L2,Legal,United States
01J9RRASN0VC4EHVR45RFSH433,Alena Uwins,L6,Product Management,India
01J9RRASN0XR5GXSATHZBE3SXQ,Ian Mungane,L6,Engineering,United States
01J9RRASN2E2ME5JS3RAPV1B0K,Paddie Jacquemot,L5,Product Management,India
01J9RRASN2N62QEBCKVZ3X5T5Q,Parrnell Shoobridge,L6,Engineering,India
01J9RRASN4HCNE98MJJHMZH7GN,Ari Wanklin,L1,Accounting,India
01J9RRASN4WFH9VVSSBR7WF02J,Elbertina Eadington,L1,Research and Development,India
01J9RRASN5SKHYW39JMD5C7W1X,Hermy Hamlin,L6,Human Resources,United Kingdom
01J9RRASN5R59489NQD9VVW6EW,Boycie Jurczik,L5,Research and Development,United States
01J9RRASN7M40QZ6RBSBER3H9G,Dan Bronger,L5,Training,United Kingdom
01J9RRASN71P5FFP00ZRR09JWF,Astrid Froschauer,L3,Product Management,United Kingdom
01J9RRASN9X874BH51P258VVSV,Westley Whittock,L3,Engineering,India
01J9RRASN9WS3PFWFH15WG3B42,Hilly Napper,L5,Product Management,United Kingdom
01J9RRASNBT9VM13RBTRCVHRJ8,Tedda Symper,L4,Marketing,United States
01J9RRASNC91JQ36XYK18K7XEY,Catie Samwyse,L6,Research and Development,United Kingdom
01J9RRASNC2ZKCN6A974ZNG82R,Rosina Lamb-shine,L6,Accounting,United States
01J9RRASND2A1HZFKK4RQ7QJR8,Elyssa Lyal,L3,Marketing,United States
01J9RRASNEMWK73QEAWXMA6HC4,Helaina Backler,L5,Training,United Kingdom
01J9RRASNF6NQQNMA28PXG38TP,Kerwin Mussalli,L3,Human Resources,United Kingdom
01J9RRASNHKZPTNV0YFZYK2785,Krysta O'Tierney,L4,Marketing,United States
01J9RRASNHYM8WZMV83MN71RV8,Daryl Vashchenko,L5,Legal,United Kingdom
01J9RRASNKMQYZ277X1MV2JJ75,Vincents Joret,L4,Product Management,United Kingdom
01J9RRASNKYBYBR11XNE7KGF85,Katha Joyes,L1,Sales,United Kingdom
01J9RRASNMV4NJFZ9PFW8EG1VZ,Vaughan Flieg,L4,Human Resources,United States
01J9RRASNMF7AGMMBXM61NKCWH,Farand Lamas,L2,Sales,India
01J9RRASNNCTZ6TBMYBHDE0PHE,Erick Kelledy,L6,Legal,India
01J9RRASNP18Y2ADPTFXCS3FSR,Madella Catley,L2,Business Development,India
01J9RRASNQ3QHH0GZ0Y4B71K5R,Charin Errichi,L3,Research and Development,India
01J9RRASNQMAH0ZXRQ224WC5FN,Myrtice Aleso,L3,Research and Development,United States
01J9RRASNREP75JBCA94RHN5E2,Dulci Costigan,L2,Engineering,United Kingdom
01J9RRASNSTSAY0X4D2D398YDM,Konstanze Rawlingson,L3,Accounting,United States
